{
  "seed": 42,
  "best_epoch": 40,
  "metrics": {
    "pr_auc": 0.500255705773595,
    "recall_at_1pct_fpr": 0.41421568627450983,
    "precision_at_1pct": 0.9886363636363636
  },
  "val_metrics": {
    "pr_auc": 0.7143969336818875,
    "recall_at_1pct_fpr": 0.49925925925925924,
    "precision_at_1pct": 0.9487179487179487
  },
  "config": {
    "model": "tgatv2",
    "heads": 4,
    "time_dim": 32,
    "hidden_dim": 128,
    "num_layers": 3,
    "dropout": 0.1,
    "lr": 0.0015,
    "weight_decay": 0.0005,
    "epochs": 120,
    "patience": 15,
    "loss": "cross_entropy",
    "focal_gamma": 2.0,
    "add_self_loops": true,
    "graph_normalized": true,
    "graph_reverse_edges": true
  }
}