{
  "seed": 42,
  "best_epoch": 90,
  "metrics": {
    "pr_auc": 0.45928596158235635,
    "recall_at_1pct_fpr": 0.3700980392156863,
    "precision_at_1pct": 0.9545454545454546
  },
  "val_metrics": {
    "pr_auc": 0.7018796165424414,
    "recall_at_1pct_fpr": 0.4577777777777778,
    "precision_at_1pct": 0.9615384615384616
  },
  "config": {
    "model": "tgatv2",
    "heads": 8,
    "time_dim": 32,
    "hidden_dim": 64,
    "num_layers": 3,
    "dropout": 0.3,
    "lr": 0.0005,
    "weight_decay": 0.001,
    "epochs": 120,
    "patience": 15,
    "loss": "cross_entropy",
    "focal_gamma": 2.0,
    "add_self_loops": true,
    "graph_normalized": true,
    "graph_reverse_edges": true
  }
}