{
  "seed": 42,
  "best_epoch": 31,
  "metrics": {
    "pr_auc": 0.3491658440319024,
    "recall_at_1pct_fpr": 0.3112745098039216,
    "precision_at_1pct": 0.7840909090909091
  },
  "val_metrics": {
    "pr_auc": 0.6298714863644874,
    "recall_at_1pct_fpr": 0.39111111111111113,
    "precision_at_1pct": 0.9615384615384616
  },
  "config": {
    "model": "tgatv2",
    "heads": 16,
    "time_dim": 32,
    "hidden_dim": 64,
    "num_layers": 2,
    "dropout": 0.5,
    "lr": 0.001,
    "weight_decay": 0.00025,
    "epochs": 120,
    "patience": 15,
    "loss": "cross_entropy",
    "focal_gamma": 2.0,
    "add_self_loops": true,
    "graph_normalized": true,
    "graph_reverse_edges": true
  }
}