{
  "seed": 42,
  "best_epoch": 16,
  "metrics": {
    "pr_auc": 0.3795948203632459,
    "recall_at_1pct_fpr": 0.27450980392156865,
    "precision_at_1pct": 0.8409090909090909
  },
  "val_metrics": {
    "pr_auc": 0.4902246142403151,
    "recall_at_1pct_fpr": 0.29185185185185186,
    "precision_at_1pct": 0.8974358974358975
  },
  "config": {
    "model": "gat",
    "heads": 4,
    "hidden_dim": 128,
    "num_layers": 3,
    "dropout": 0.3,
    "lr": 0.005,
    "weight_decay": 0.0005,
    "epochs": 120,
    "patience": 15,
    "loss": "cross_entropy",
    "focal_gamma": 1.0,
    "add_self_loops": true,
    "graph_normalized": true,
    "graph_reverse_edges": true
  }
}