{
  "seed": 42,
  "best_epoch": 15,
  "metrics": {
    "pr_auc": 0.20364813520783792,
    "recall_at_1pct_fpr": 0.05392156862745098,
    "precision_at_1pct": 0.1590909090909091
  },
  "val_metrics": {
    "pr_auc": 0.5590484928271491,
    "recall_at_1pct_fpr": 0.36148148148148146,
    "precision_at_1pct": 0.9487179487179487
  },
  "config": {
    "model": "gat",
    "heads": 4,
    "hidden_dim": 128,
    "num_layers": 3,
    "dropout": 0.5,
    "lr": 0.005,
    "weight_decay": 0.0005,
    "epochs": 120,
    "patience": 15,
    "loss": "cross_entropy",
    "focal_gamma": 1.0,
    "add_self_loops": true,
    "graph_normalized": true,
    "graph_reverse_edges": true
  }
}