{
  "seed": 42,
  "best_epoch": 9,
  "metrics": {
    "pr_auc": 0.318048147127858,
    "recall_at_1pct_fpr": 0.29411764705882354,
    "precision_at_1pct": 0.6022727272727273
  },
  "val_metrics": {
    "pr_auc": 0.39817556970004386,
    "recall_at_1pct_fpr": 0.14666666666666667,
    "precision_at_1pct": 0.6666666666666666
  },
  "config": {
    "model": "gat",
    "heads": 2,
    "hidden_dim": 128,
    "num_layers": 2,
    "dropout": 0.3,
    "lr": 0.005,
    "weight_decay": 0.001,
    "epochs": 120,
    "patience": 15,
    "loss": "focal",
    "focal_gamma": 1.0,
    "add_self_loops": true,
    "graph_normalized": true,
    "graph_reverse_edges": true
  }
}