{
  "seed": 42,
  "best_epoch": 57,
  "metrics": {
    "pr_auc": 0.4217775136747099,
    "recall_at_1pct_fpr": 0.3480392156862745,
    "precision_at_1pct": 0.9431818181818182
  },
  "val_metrics": {
    "pr_auc": 0.5516742678992951,
    "recall_at_1pct_fpr": 0.29185185185185186,
    "precision_at_1pct": 0.9487179487179487
  },
  "config": {
    "model": "gat",
    "heads": 2,
    "hidden_dim": 64,
    "num_layers": 3,
    "dropout": 0.5,
    "lr": 0.003,
    "weight_decay": 0.0005,
    "epochs": 120,
    "patience": 15,
    "loss": "focal",
    "focal_gamma": 2.0,
    "add_self_loops": true,
    "graph_normalized": true,
    "graph_reverse_edges": true
  }
}