{
  "seed": 42,
  "best_epoch": 56,
  "metrics": {
    "pr_auc": 0.40869570921446546,
    "recall_at_1pct_fpr": 0.3161764705882353,
    "precision_at_1pct": 0.9204545454545454
  },
  "val_metrics": {
    "pr_auc": 0.5851587983072574,
    "recall_at_1pct_fpr": 0.3437037037037037,
    "precision_at_1pct": 0.9487179487179487
  },
  "config": {
    "model": "gat",
    "heads": 2,
    "hidden_dim": 64,
    "num_layers": 3,
    "dropout": 0.5,
    "lr": 0.003,
    "weight_decay": 0.0005,
    "epochs": 120,
    "patience": 15,
    "loss": "cross_entropy",
    "focal_gamma": 1.0,
    "add_self_loops": true,
    "graph_normalized": true,
    "graph_reverse_edges": true
  }
}