{
  "seed": 42,
  "best_epoch": 17,
  "metrics": {
    "pr_auc": 0.30258728499883414,
    "recall_at_1pct_fpr": 0.23039215686274508,
    "precision_at_1pct": 0.5681818181818182
  },
  "val_metrics": {
    "pr_auc": 0.5324062843655784,
    "recall_at_1pct_fpr": 0.3333333333333333,
    "precision_at_1pct": 0.8076923076923077
  },
  "config": {
    "model": "gat",
    "heads": 8,
    "hidden_dim": 128,
    "num_layers": 3,
    "dropout": 0.3,
    "lr": 0.005,
    "weight_decay": 0.001,
    "epochs": 120,
    "patience": 15,
    "loss": "focal",
    "focal_gamma": 1.0,
    "add_self_loops": true,
    "graph_normalized": true,
    "graph_reverse_edges": true
  }
}