{
  "seed": 42,
  "best_epoch": 17,
  "metrics": {
    "pr_auc": 0.3884438355815315,
    "recall_at_1pct_fpr": 0.32598039215686275,
    "precision_at_1pct": 0.7727272727272727
  },
  "val_metrics": {
    "pr_auc": 0.6728169579142523,
    "recall_at_1pct_fpr": 0.4562962962962963,
    "precision_at_1pct": 0.9102564102564102
  },
  "config": {
    "model": "gatv2",
    "heads": 8,
    "hidden_dim": 64,
    "num_layers": 2,
    "dropout": 0.5,
    "lr": 0.005,
    "weight_decay": 0.0005,
    "epochs": 120,
    "patience": 15,
    "loss": "focal",
    "focal_gamma": 2.0,
    "add_self_loops": true,
    "graph_normalized": true,
    "graph_reverse_edges": true
  }
}