{
  "seed": 42,
  "best_epoch": 13,
  "metrics": {
    "pr_auc": 0.3510801508766981,
    "recall_at_1pct_fpr": 0.3137254901960784,
    "precision_at_1pct": 0.7613636363636364
  },
  "val_metrics": {
    "pr_auc": 0.5306281708536731,
    "recall_at_1pct_fpr": 0.2696296296296296,
    "precision_at_1pct": 0.9358974358974359
  },
  "config": {
    "model": "gatv2",
    "heads": 4,
    "hidden_dim": 64,
    "num_layers": 2,
    "dropout": 0.3,
    "lr": 0.005,
    "weight_decay": 0.001,
    "epochs": 120,
    "patience": 15,
    "loss": "cross_entropy",
    "focal_gamma": 1.0,
    "add_self_loops": true,
    "graph_normalized": true,
    "graph_reverse_edges": true
  }
}