{
  "seed": 42,
  "best_epoch": 13,
  "metrics": {
    "pr_auc": 0.38140315565999083,
    "recall_at_1pct_fpr": 0.3161764705882353,
    "precision_at_1pct": 0.6931818181818182
  },
  "val_metrics": {
    "pr_auc": 0.654618077499652,
    "recall_at_1pct_fpr": 0.42962962962962964,
    "precision_at_1pct": 0.9487179487179487
  },
  "config": {
    "model": "gatv2",
    "heads": 8,
    "hidden_dim": 128,
    "num_layers": 2,
    "dropout": 0.5,
    "lr": 0.003,
    "weight_decay": 0.001,
    "epochs": 120,
    "patience": 15,
    "loss": "focal",
    "focal_gamma": 1.0,
    "add_self_loops": true,
    "graph_normalized": true,
    "graph_reverse_edges": true
  }
}