{
  "seed": 42,
  "best_epoch": 10,
  "metrics": {
    "pr_auc": 0.30919028174667723,
    "recall_at_1pct_fpr": 0.2034313725490196,
    "precision_at_1pct": 0.5568181818181818
  },
  "val_metrics": {
    "pr_auc": 0.4695873634226955,
    "recall_at_1pct_fpr": 0.2237037037037037,
    "precision_at_1pct": 0.8717948717948718
  },
  "config": {
    "model": "gatv2",
    "heads": 2,
    "hidden_dim": 128,
    "num_layers": 2,
    "dropout": 0.5,
    "lr": 0.005,
    "weight_decay": 0.001,
    "epochs": 120,
    "patience": 15,
    "loss": "focal",
    "focal_gamma": 1.0,
    "add_self_loops": true,
    "graph_normalized": true,
    "graph_reverse_edges": true
  }
}