{
  "seed": 42,
  "best_epoch": 79,
  "metrics": {
    "pr_auc": 0.4918189846253441,
    "recall_at_1pct_fpr": 0.41421568627450983,
    "precision_at_1pct": 0.9545454545454546
  },
  "val_metrics": {
    "pr_auc": 0.668754168548929,
    "recall_at_1pct_fpr": 0.43407407407407406,
    "precision_at_1pct": 0.9743589743589743
  },
  "config": {
    "model": "gatv2",
    "heads": 8,
    "hidden_dim": 64,
    "num_layers": 3,
    "dropout": 0.5,
    "lr": 0.003,
    "weight_decay": 0.0005,
    "epochs": 120,
    "patience": 15,
    "loss": "cross_entropy",
    "focal_gamma": 2.0,
    "add_self_loops": true,
    "graph_normalized": true,
    "graph_reverse_edges": true
  }
}