{
  "seed": 42,
  "best_epoch": 17,
  "metrics": {
    "pr_auc": 0.3928580628983717,
    "recall_at_1pct_fpr": 0.3284313725490196,
    "precision_at_1pct": 0.7840909090909091
  },
  "val_metrics": {
    "pr_auc": 0.6507298559164976,
    "recall_at_1pct_fpr": 0.4266666666666667,
    "precision_at_1pct": 0.9358974358974359
  },
  "config": {
    "model": "gatv2",
    "heads": 4,
    "hidden_dim": 128,
    "num_layers": 2,
    "dropout": 0.3,
    "lr": 0.005,
    "weight_decay": 0.001,
    "epochs": 120,
    "patience": 15,
    "loss": "cross_entropy",
    "focal_gamma": 2.0,
    "add_self_loops": true,
    "graph_normalized": true,
    "graph_reverse_edges": true
  }
}