{
  "seed": 42,
  "best_epoch": 32,
  "metrics": {
    "pr_auc": 0.45662317892355025,
    "recall_at_1pct_fpr": 0.3627450980392157,
    "precision_at_1pct": 0.9545454545454546
  },
  "val_metrics": {
    "pr_auc": 0.5772395857384157,
    "recall_at_1pct_fpr": 0.32592592592592595,
    "precision_at_1pct": 0.9615384615384616
  },
  "config": {
    "model": "gatv2",
    "heads": 8,
    "hidden_dim": 64,
    "num_layers": 3,
    "dropout": 0.5,
    "lr": 0.003,
    "weight_decay": 0.001,
    "epochs": 120,
    "patience": 15,
    "loss": "cross_entropy",
    "focal_gamma": 2.0,
    "add_self_loops": true,
    "graph_normalized": true,
    "graph_reverse_edges": true
  }
}