{
  "seed": 42,
  "best_epoch": 10,
  "metrics": {
    "pr_auc": 0.4497326289281244,
    "recall_at_1pct_fpr": 0.3553921568627451,
    "precision_at_1pct": 0.9659090909090909
  },
  "val_metrics": {
    "pr_auc": 0.5618252280346466,
    "recall_at_1pct_fpr": 0.28888888888888886,
    "precision_at_1pct": 0.9102564102564102
  },
  "config": {
    "model": "gatv2",
    "heads": 4,
    "hidden_dim": 128,
    "num_layers": 3,
    "dropout": 0.3,
    "lr": 0.005,
    "weight_decay": 0.0005,
    "epochs": 120,
    "patience": 15,
    "loss": "cross_entropy",
    "focal_gamma": 1.0,
    "add_self_loops": true,
    "graph_normalized": true,
    "graph_reverse_edges": true
  }
}