{
  "seed": 42,
  "best_epoch": 10,
  "metrics": {
    "pr_auc": 0.4145499436372412,
    "recall_at_1pct_fpr": 0.3137254901960784,
    "precision_at_1pct": 0.9545454545454546
  },
  "val_metrics": {
    "pr_auc": 0.5720095683404264,
    "recall_at_1pct_fpr": 0.3037037037037037,
    "precision_at_1pct": 0.9358974358974359
  },
  "config": {
    "model": "gatv2",
    "heads": 8,
    "hidden_dim": 64,
    "num_layers": 3,
    "dropout": 0.5,
    "lr": 0.005,
    "weight_decay": 0.001,
    "epochs": 120,
    "patience": 15,
    "loss": "focal",
    "focal_gamma": 1.0,
    "add_self_loops": true,
    "graph_normalized": true,
    "graph_reverse_edges": true
  }
}