{
  "seed": 42,
  "best_epoch": 15,
  "metrics": {
    "pr_auc": 0.3925896969359306,
    "recall_at_1pct_fpr": 0.2647058823529412,
    "precision_at_1pct": 0.7045454545454546
  },
  "val_metrics": {
    "pr_auc": 0.5818732327283912,
    "recall_at_1pct_fpr": 0.3348148148148148,
    "precision_at_1pct": 0.8717948717948718
  },
  "config": {
    "model": "sage",
    "heads": 4,
    "hidden_dim": 64,
    "num_layers": 3,
    "dropout": 0.3,
    "lr": 0.01,
    "weight_decay": 0.001,
    "epochs": 120,
    "patience": 15,
    "loss": "focal",
    "focal_gamma": 1.0,
    "add_self_loops": true,
    "graph_normalized": true,
    "graph_reverse_edges": true
  }
}