{
  "seed": 42,
  "best_epoch": 6,
  "metrics": {
    "pr_auc": 0.3434090284743335,
    "recall_at_1pct_fpr": 0.22794117647058823,
    "precision_at_1pct": 0.6931818181818182
  },
  "val_metrics": {
    "pr_auc": 0.5588505204261904,
    "recall_at_1pct_fpr": 0.3896296296296296,
    "precision_at_1pct": 0.9615384615384616
  },
  "config": {
    "model": "sage",
    "heads": 4,
    "hidden_dim": 128,
    "num_layers": 2,
    "dropout": 0.5,
    "lr": 0.01,
    "weight_decay": 0.0005,
    "epochs": 120,
    "patience": 15,
    "loss": "cross_entropy",
    "focal_gamma": 1.0,
    "add_self_loops": true,
    "graph_normalized": true,
    "graph_reverse_edges": true
  }
}