{
  "seed": 42,
  "best_epoch": 20,
  "metrics": {
    "pr_auc": 0.33553002573123175,
    "recall_at_1pct_fpr": 0.22549019607843138,
    "precision_at_1pct": 0.5227272727272727
  },
  "val_metrics": {
    "pr_auc": 0.5454815482111904,
    "recall_at_1pct_fpr": 0.29185185185185186,
    "precision_at_1pct": 0.8589743589743589
  },
  "config": {
    "model": "sage",
    "heads": 4,
    "hidden_dim": 256,
    "num_layers": 2,
    "dropout": 0.3,
    "lr": 0.01,
    "weight_decay": 0.0005,
    "epochs": 120,
    "patience": 15,
    "loss": "focal",
    "focal_gamma": 2.0,
    "add_self_loops": true,
    "graph_normalized": true,
    "graph_reverse_edges": true
  }
}