{
  "seed": 42,
  "best_epoch": 13,
  "metrics": {
    "pr_auc": 0.3543761119345499,
    "recall_at_1pct_fpr": 0.23774509803921567,
    "precision_at_1pct": 0.6931818181818182
  },
  "val_metrics": {
    "pr_auc": 0.5958637520241864,
    "recall_at_1pct_fpr": 0.39111111111111113,
    "precision_at_1pct": 0.9487179487179487
  },
  "config": {
    "model": "sage",
    "heads": 4,
    "hidden_dim": 64,
    "num_layers": 2,
    "dropout": 0.5,
    "lr": 0.01,
    "weight_decay": 0.0005,
    "epochs": 120,
    "patience": 15,
    "loss": "cross_entropy",
    "focal_gamma": 2.0,
    "add_self_loops": true,
    "graph_normalized": true,
    "graph_reverse_edges": true
  }
}