{
  "seed": 42,
  "best_epoch": 113,
  "metrics": {
    "pr_auc": 0.45491975904565285,
    "recall_at_1pct_fpr": 0.39705882352941174,
    "precision_at_1pct": 0.9090909090909091
  },
  "val_metrics": {
    "pr_auc": 0.7924321107079668,
    "recall_at_1pct_fpr": 0.6533333333333333,
    "precision_at_1pct": 0.9743589743589743
  },
  "config": {
    "model": "sage",
    "heads": 4,
    "hidden_dim": 256,
    "num_layers": 2,
    "dropout": 0.5,
    "lr": 0.005,
    "weight_decay": 0.001,
    "epochs": 120,
    "patience": 15,
    "loss": "focal",
    "focal_gamma": 2.0,
    "add_self_loops": true,
    "graph_normalized": true,
    "graph_reverse_edges": true
  }
}