{
  "seed": 42,
  "best_epoch": 10,
  "metrics": {
    "pr_auc": 0.38628310970624363,
    "recall_at_1pct_fpr": 0.23284313725490197,
    "precision_at_1pct": 0.8181818181818182
  },
  "val_metrics": {
    "pr_auc": 0.5836616388164229,
    "recall_at_1pct_fpr": 0.35555555555555557,
    "precision_at_1pct": 0.9743589743589743
  },
  "config": {
    "model": "sage",
    "heads": 4,
    "hidden_dim": 256,
    "num_layers": 2,
    "dropout": 0.3,
    "lr": 0.005,
    "weight_decay": 0.001,
    "epochs": 120,
    "patience": 15,
    "loss": "cross_entropy",
    "focal_gamma": 1.0,
    "add_self_loops": true,
    "graph_normalized": true,
    "graph_reverse_edges": true
  }
}