{
  "seed": 42,
  "best_epoch": 16,
  "metrics": {
    "pr_auc": 0.3208574283620528,
    "recall_at_1pct_fpr": 0.22549019607843138,
    "precision_at_1pct": 0.5340909090909091
  },
  "val_metrics": {
    "pr_auc": 0.42660988865900806,
    "recall_at_1pct_fpr": 0.17629629629629628,
    "precision_at_1pct": 0.7692307692307693
  },
  "config": {
    "model": "sage",
    "heads": 4,
    "hidden_dim": 256,
    "num_layers": 3,
    "dropout": 0.5,
    "lr": 0.005,
    "weight_decay": 0.0005,
    "epochs": 120,
    "patience": 15,
    "loss": "cross_entropy",
    "focal_gamma": 1.0,
    "add_self_loops": true,
    "graph_normalized": true,
    "graph_reverse_edges": true
  }
}