{
  "seed": 42,
  "best_epoch": 8,
  "metrics": {
    "pr_auc": 0.34248345644586975,
    "recall_at_1pct_fpr": 0.24019607843137256,
    "precision_at_1pct": 0.8295454545454546
  },
  "val_metrics": {
    "pr_auc": 0.5380504171566826,
    "recall_at_1pct_fpr": 0.3244444444444444,
    "precision_at_1pct": 0.8846153846153846
  },
  "config": {
    "model": "sage",
    "heads": 4,
    "hidden_dim": 128,
    "num_layers": 2,
    "dropout": 0.5,
    "lr": 0.005,
    "weight_decay": 0.0005,
    "epochs": 100,
    "patience": 10
  }
}