{
  "seed": 42,
  "best_epoch": 17,
  "metrics": {
    "pr_auc": 0.38486630848580217,
    "recall_at_1pct_fpr": 0.32107843137254904,
    "precision_at_1pct": 0.7386363636363636
  },
  "val_metrics": {
    "pr_auc": 0.6197360691107958,
    "recall_at_1pct_fpr": 0.38814814814814813,
    "precision_at_1pct": 0.9487179487179487
  },
  "config": {
    "model": "gatv2",
    "heads": 4,
    "hidden_dim": 128,
    "num_layers": 2,
    "dropout": 0.5,
    "lr": 0.005,
    "weight_decay": 0.0005,
    "epochs": 120,
    "patience": 15,
    "loss": "cross_entropy",
    "focal_gamma": 2.0,
    "add_self_loops": true,
    "graph_normalized": true,
    "graph_reverse_edges": true
  }
}