{
  "seed": 42,
  "best_epoch": 8,
  "metrics": {
    "pr_auc": 0.30941978395657016,
    "recall_at_1pct_fpr": 0.18382352941176472,
    "precision_at_1pct": 0.5681818181818182
  },
  "val_metrics": {
    "pr_auc": 0.563763924579639,
    "recall_at_1pct_fpr": 0.37333333333333335,
    "precision_at_1pct": 0.9743589743589743
  },
  "config": {
    "model": "sage",
    "heads": 4,
    "hidden_dim": 128,
    "num_layers": 2,
    "dropout": 0.5,
    "lr": 0.005,
    "weight_decay": 0.0005,
    "epochs": 120,
    "patience": 15,
    "loss": "focal",
    "focal_gamma": 2.0,
    "add_self_loops": true,
    "graph_normalized": true,
    "graph_reverse_edges": true
  }
}