{
  "seed": 42,
  "best_epoch": 12,
  "metrics": {
    "pr_auc": 0.4223212310219041,
    "recall_at_1pct_fpr": 0.3897058823529412,
    "precision_at_1pct": 0.8068181818181818
  },
  "val_metrics": {
    "pr_auc": 0.5771145267164467,
    "recall_at_1pct_fpr": 0.33925925925925926,
    "precision_at_1pct": 0.8846153846153846
  },
  "config": {
    "model": "tgatv2",
    "heads": 4,
    "time_dim": 16,
    "hidden_dim": 128,
    "num_layers": 2,
    "dropout": 0.5,
    "lr": 0.003,
    "weight_decay": 0.001,
    "epochs": 150,
    "patience": 20,
    "loss": "focal",
    "focal_gamma": 2.0,
    "add_self_loops": true,
    "graph_normalized": true,
    "graph_reverse_edges": true
  }
}