{
  "seed": 42,
  "best_epoch": 15,
  "metrics": {
    "pr_auc": 0.31094535691401376,
    "recall_at_1pct_fpr": 0.2622549019607843,
    "precision_at_1pct": 0.6136363636363636
  },
  "val_metrics": {
    "pr_auc": 0.627159139685839,
    "recall_at_1pct_fpr": 0.3274074074074074,
    "precision_at_1pct": 0.9230769230769231
  },
  "config": {
    "model": "tgatv2",
    "heads": 4,
    "time_dim": 16,
    "hidden_dim": 128,
    "num_layers": 2,
    "dropout": 0.5,
    "lr": 0.003,
    "weight_decay": 0.001,
    "epochs": 120,
    "patience": 15,
    "loss": "focal",
    "focal_gamma": 2.0,
    "add_self_loops": true,
    "graph_normalized": true,
    "graph_reverse_edges": true
  }
}