{
  "seed": 42,
  "best_epoch": 31,
  "metrics": {
    "pr_auc": 0.32483304265183033,
    "recall_at_1pct_fpr": 0.2426470588235294,
    "precision_at_1pct": 0.7272727272727273
  },
  "val_metrics": {
    "pr_auc": 0.49997616624086033,
    "recall_at_1pct_fpr": 0.2414814814814815,
    "precision_at_1pct": 0.782051282051282
  },
  "config": {
    "model": "tgatv2",
    "heads": 2,
    "time_dim": 32,
    "hidden_dim": 128,
    "num_layers": 3,
    "dropout": 0.3,
    "lr": 0.001,
    "weight_decay": 0.001,
    "epochs": 120,
    "patience": 15,
    "loss": "focal",
    "focal_gamma": 2.0,
    "add_self_loops": true,
    "graph_normalized": true,
    "graph_reverse_edges": true
  }
}