{
  "seed": 42,
  "best_epoch": 18,
  "metrics": {
    "pr_auc": 0.3486622209842795,
    "recall_at_1pct_fpr": 0.32107843137254904,
    "precision_at_1pct": 0.7045454545454546
  },
  "val_metrics": {
    "pr_auc": 0.6627612286551022,
    "recall_at_1pct_fpr": 0.4533333333333333,
    "precision_at_1pct": 0.9615384615384616
  },
  "config": {
    "model": "tgatv2",
    "heads": 8,
    "time_dim": 16,
    "hidden_dim": 128,
    "num_layers": 2,
    "dropout": 0.5,
    "lr": 0.003,
    "weight_decay": 0.0005,
    "epochs": 120,
    "patience": 15,
    "loss": "cross_entropy",
    "focal_gamma": 1.0,
    "add_self_loops": true,
    "graph_normalized": true,
    "graph_reverse_edges": true
  }
}