{
  "seed": 42,
  "best_epoch": 11,
  "metrics": {
    "pr_auc": 0.17878223590094233,
    "recall_at_1pct_fpr": 0.14705882352941177,
    "precision_at_1pct": 0.42045454545454547
  },
  "val_metrics": {
    "pr_auc": 0.4220197369745912,
    "recall_at_1pct_fpr": 0.1985185185185185,
    "precision_at_1pct": 0.6538461538461539
  },
  "config": {
    "model": "tgatv2",
    "heads": 8,
    "time_dim": 8,
    "hidden_dim": 64,
    "num_layers": 3,
    "dropout": 0.5,
    "lr": 0.003,
    "weight_decay": 0.001,
    "epochs": 120,
    "patience": 15,
    "loss": "focal",
    "focal_gamma": 2.0,
    "add_self_loops": true,
    "graph_normalized": true,
    "graph_reverse_edges": true
  }
}